NHL_ID,Player,Team,Position,Jersey#,DOB,_source
8482515,Artur Akhtyamov,TOR,G,70.0,,nhl_search_api
8485067,Parker Alcos,VAN,D,,,nhl_search_api
8482700,Nolan Allan,SJS,D,7.0,,nhl_search_api
8482496,Nils Aman,VAN,C,88.0,,nhl_search_api
8485039,Nathan Aspinall,NYR,L,95.0,,nhl_search_api
8479402,Jake Bean,CGY,D,24.0,,nhl_search_api
8484836,Ondrej Becher,DET,C,,,nhl_search_api
8477935,Sam Bennett,FLA,C,9.0,,nhl_search_api
8482728,Nate Benoit,MIN,D,,,nhl_search_api
8480879,Jacob Bernard-Docker,DET,D,25.0,,nhl_search_api
8478406,Mackenzie Blackwood,COL,G,39.0,,nhl_search_api
8485583,Vashek Blanar,BOS,D,,,nhl_search_api
8482865,Josh Bloom,VAN,L,62.0,,nhl_search_api
8485377,Sascha Boumedienne,WPG,D,,,nhl_search_api
8482869,Talyn Boyko,NYR,G,40.0,,nhl_search_api
8480196,Jacob Bryson,BUF,D,78.0,,nhl_search_api
8478047,Michael Bunting,NSH,L,58.0,,nhl_search_api
8484840,Hagen Burrows,TBL,R,,,nhl_search_api
8481610,Roman Bychkov,BOS,D,,,nhl_search_api
8483398,Declan Carlile,TBL,D,67.0,,nhl_search_api
8484800,Berkly Catton,SEA,C,27.0,,nhl_search_api
8485054,Aleš Čech,UTA,D,,,nhl_search_api
8484801,Macklin Celebrini,SJS,C,71.0,,nhl_search_api
8485624,Jordan Charron,PIT,R,78.0,,nhl_search_api
8484994,Igor Chernyshov,SJS,L,92.0,,nhl_search_api
8482787,Nikita Chibrikov,WPG,R,90.0,,nhl_search_api
8480990,Declan Chisholm,WSH,D,47.0,,nhl_search_api
8484462,Warren Clark,TBL,D,,,nhl_search_api
8484158,Easton Cowan,TOR,R,53.0,,nhl_search_api
8480075,Cameron Crotty,OTT,D,5.0,,nhl_search_api
8480426,Charle-Edouard D'Astous,TBL,D,51.0,,nhl_search_api
8484984,Ivan Demidov,MTL,R,93.0,,nhl_search_api
8482659,Josh Doan,BUF,R,91.0,,nhl_search_api
8484161,Noah Dower Nilsson,DET,L,,,nhl_search_api
8482521,Kienan Draper,DET,R,,,nhl_search_api
8482663,Dylan Duke,TBL,L,53.0,,nhl_search_api
8484163,Jakub Dvorak,LAK,D,51.0,,nhl_search_api
8478403,Jack Eichel,VGK,C,9.0,,nhl_search_api
8475171,Oliver Ekman-Larsson,TOR,D,95.0,,nhl_search_api
8480834,Ty Emberson,EDM,D,49.0,,nhl_search_api
8477971,Andreas Englund,NSH,D,8.0,,nhl_search_api
8485596,Mikkel Eriksen,NYR,C,,,nhl_search_api
8482146,Luke Evangelista,NSH,R,77.0,,nhl_search_api
8479371,Dante Fabbro,CBJ,D,15.0,,nhl_search_api
8484852,Melvin Fernström,PIT,R,,,nhl_search_api
8483090,Riley Fiddler-Schultz,BUF,C,45.0,,nhl_search_api
8484169,Drew Fortescue,NYR,D,,,nhl_search_api
8483573,Ethen Frank,WSH,C,53.0,,nhl_search_api
8485094,Denis Gabdrakhmanov,FLA,G,,,nhl_search_api
8484997,Evan Gardner,CBJ,G,35.0,,nhl_search_api
8483445,Cutter Gauthier,ANA,L,61.0,,nhl_search_api
8478882,Vladislav Gavrikov,NYR,D,44.0,,nhl_search_api
8473512,Claude Giroux,OTT,R,28.0,,nhl_search_api
8484437,Olof Glifford,FLA,G,,,nhl_search_api
8482201,Gage Goncalves,TBL,C,93.0,,nhl_search_api
8485601,Brandon Gorzynski,DAL,C,,,nhl_search_api
8484911,Collin Graf,SJS,R,51.0,,nhl_search_api
8482169,Helge Grans,PHI,D,3.0,,nhl_search_api
8480836,Jonathan Gruden,NJD,L,46.0,,nhl_search_api
8483761,Barrett Hall,SEA,C,86.0,,nhl_search_api
8480842,Filip Hallander,PIT,C,11.0,,nhl_search_api
8476462,Dougie Hamilton,NJD,D,7.0,,nhl_search_api
8484422,Sam Harris,MTL,L,,,nhl_search_api
8482739,Brett Harrison,BOS,C,72.0,,nhl_search_api
8485581,Travis Hayes,PIT,R,73.0,,nhl_search_api
8478046,Danton Heinen,CBJ,L,43.0,,nhl_search_api
8484796,Emil Hemming,DAL,R,39.0,,nhl_search_api
8480037,Aleksi Heponiemi,FLA,C,20.0,,nhl_search_api
8484180,Samuel Honzek,CGY,L,29.0,,nhl_search_api
8479353,Brett Howden,VGK,C,21.0,,nhl_search_api
8476456,Jonathan Huberdeau,CGY,L,10.0,,nhl_search_api
8484481,Axel Hurtig,CGY,D,,,nhl_search_api
8483458,Adam Ingram,NSH,C,56.0,,nhl_search_api
8484431,Nikita Ishimnikov,COL,D,,,nhl_search_api
8477406,Mattias Janmark,EDM,C,13.0,,nhl_search_api
8482162,Roby Jarventie,EDM,L,15.0,,nhl_search_api
8480035,Henri Jokiharju,BOS,D,20.0,,nhl_search_api
8483769,Samuel Jonsson,EDM,G,34.0,,nhl_search_api
8480058,P.O Joseph,VAN,D,7.0,,nhl_search_api
8481024,Linus Karlsson,VAN,C,94.0,,nhl_search_api
8484465,Daniil Karpovich,NJD,D,,,nhl_search_api
8479383,Boris Katchouk,MIN,L,61.0,,nhl_search_api
8479426,Artur Kayumov,CHI,L,,,nhl_search_api
8477960,Adrian Kempe,LAK,R,9.0,,nhl_search_api
8485435,Ben Kevan,NJD,R,,,nhl_search_api
8485510,Carter King,CGY,C,95.0,,nhl_search_api
8485436,Viktor Klingsell,WPG,R,,,nhl_search_api
8484877,Aatos Koivu,MTL,C,,,nhl_search_api
8482810,Kyle Kukkonen,ANA,C,84.0,,nhl_search_api
8482952,Daniel Laatsch,PIT,D,6.0,,nhl_search_api
8482941,Shane Lachance,NJD,L,20.0,,nhl_search_api
8483472,Maveric Lamoureux,UTA,D,10.0,,nhl_search_api
8485677,Jakob Leander,CGY,D,,,nhl_search_api
8475181,Nick Leddy,SJS,D,4.0,,nhl_search_api
8471724,Kris Letang,PIT,D,58.0,,nhl_search_api
8480043,Timothy Liljegren,SJS,D,37.0,,nhl_search_api
8477496,Elias Lindholm,BOS,C,28.0,,nhl_search_api
8482954,Tomas Machu,NYI,D,,,nhl_search_api
8482067,Connor Mackey,NYR,D,12.0,,nhl_search_api
8482953,Taylor Makar,COL,L,16.0,,nhl_search_api
8482867,Jakub Malek,NJD,G,85.0,,nhl_search_api
8484258,Sam Malinski,COL,D,70.0,,nhl_search_api
8483485,Denton Mateychuk,CBJ,D,5.0,,nhl_search_api
8484125,Hunter McKown,CBJ,C,41.0,,nhl_search_api
8483397,Marc McLaughlin,NJD,C,21.0,,nhl_search_api
8480802,Ryan McLeod,BUF,C,71.0,,nhl_search_api
8485401,Aleksei Medvedev,VAN,G,,,nhl_search_api
8483918,Riley Mercer,MIN,G,37.0,,nhl_search_api
8483570,Ben Meyers,SEA,C,59.0,,nhl_search_api
8478859,Niko Mikkola,FLA,D,77.0,,nhl_search_api
8485608,Ryan Miller,PIT,C,51.0,,nhl_search_api
8477504,Josh Morrissey,WPG,D,44.0,,nhl_search_api
8484771,John Mustard,CHI,C,,,nhl_search_api
8484201,Nico Myatovic,ANA,L,48.0,,nhl_search_api
8484996,Ilya Nabokov,COL,G,,,nhl_search_api
8484488,Casper Nassen,BOS,R,,,nhl_search_api
8480039,Martin Necas,COL,C,88.0,,nhl_search_api
8483495,Simon Nemec,NJD,D,17.0,,nhl_search_api
8476474,Stefan Noesen,NJD,R,11.0,,nhl_search_api
8480064,Josh Norris,BUF,C,9.0,,nhl_search_api
8481537,Nikita Okhotiuk,CGY,D,28.0,,nhl_search_api
8485447,Brady Peddle,PIT,D,59.0,,nhl_search_api
8479369,Andrew Peeke,BOS,D,26.0,,nhl_search_api
8484419,Matthew Perkins,VAN,C,,,nhl_search_api
8470621,Corey Perry,LAK,R,10.0,,nhl_search_api
8477488,Brett Pesce,NJD,D,22.0,,nhl_search_api
8482718,Matvey Petrov,EDM,L,43.0,,nhl_search_api
8480012,Elias Pettersson,VAN,C,40.0,,nhl_search_api
8483673,Oskar Pettersson,OTT,R,63.0,,nhl_search_api
8485568,Michal Pradel,DET,G,,,nhl_search_api
8482117,Lukas Reichel,VAN,L,73.0,,nhl_search_api
8482785,Justin Robidas,CAR,C,46.0,,nhl_search_api
8482082,Ryder Rolston,NSH,R,36.0,,nhl_search_api
8484565,Anthony Romani,VAN,C,,,nhl_search_api
8483510,Elias Salomonsson,WPG,D,57.0,,nhl_search_api
8485095,William Samuelsson,DAL,C,,,nhl_search_api
8485642,Carter Sanderson,PIT,L,61.0,,nhl_search_api
8482912,Stiven Sardarian,BUF,R,,,nhl_search_api
8477424,Juuse Saros,NSH,G,74.0,,nhl_search_api
8476460,Mark Scheifele,WPG,C,55.0,,nhl_search_api
8485660,Dawson Sharkey,DAL,R,,,nhl_search_api
8478048,Igor Shesterkin,NYR,G,31.0,,nhl_search_api
8484987,Anton Silayev,NJD,D,,,nhl_search_api
8484386,Dmitri Simashev,UTA,D,26.0,,nhl_search_api
8479973,Stuart Skinner,PIT,G,74.0,,nhl_search_api
8481724,Kirill Slepets,TOR,R,,,nhl_search_api
8478867,Spencer Smallman,WSH,R,81.0,,nhl_search_api
8485071,Hunter St. Martin,FLA,L,85.0,,nhl_search_api
8473533,Jordan Staal,CAR,C,11.0,,nhl_search_api
8478831,Kevin Stenlund,UTA,C,82.0,,nhl_search_api
8479388,Riley Stillman,EDM,D,61.0,,nhl_search_api
8484441,Melvin Strahl,CBJ,G,,,nhl_search_api
8483707,Ben Strinden,NSH,C,66.0,,nhl_search_api
8484549,Julius Sumpf,CHI,C,,,nhl_search_api
8481576,Ryan Suzuki,CAR,C,16.0,,nhl_search_api
8482870,Philip Svedeback,BOS,G,,,nhl_search_api
8482711,Stanislav Svozil,CBJ,D,81.0,,nhl_search_api
8483763,Maksymilian Szuber,UTA,D,55.0,,nhl_search_api
8475690,Chris Tanev,TOR,D,8.0,,nhl_search_api
8481567,Henry Thrun,TOR,D,3.0,,nhl_search_api
8478489,Matej Tomek,PHI,G,,,nhl_search_api
8483691,Klavs Veinbergs,TBL,L,,,nhl_search_api
8483771,Sandis Vilmanis,FLA,L,95.0,,nhl_search_api
8475766,Austin Watson,DET,L,24.0,,nhl_search_api
8477346,MacKenzie Weegar,CGY,D,52.0,,nhl_search_api
8482103,Ozzy Wiesblatt,NSH,C,89.0,,nhl_search_api
8484844,Jared Woolley,LAK,D,80.0,,nhl_search_api
8483734,Nikita Yevseyev,EDM,D,,,nhl_search_api
8483525,Danila Yurov,MIN,R,22.0,,nhl_search_api
8485109,Vasily Zelenov,BUF,R,,,nhl_search_api
8483526,Danil Zhilkin,WPG,C,53.0,,nhl_search_api
8475692,Mats Zuccarello,MIN,R,36.0,,nhl_search_api
8484475,Stepan Zvyagin,FLA,L,,,nhl_search_api
8475461,Andrew Agozzino,UTA,L,36.0,,nhl_search_api
8485639,Anthony Allain Samake,ANA,D,62.0,,nhl_search_api
8481597,Hugo Alnefelt,TBL,G,60.0,,nhl_search_api
8478020,Michael Amadio,OTT,R,22.0,,nhl_search_api
8481020,Justus Annunen,NSH,G,29.0,,nhl_search_api
8482891,Francesco Arcuri,DAL,C,54.0,,nhl_search_api
8485426,Asher Barnett,EDM,D,,,nhl_search_api
8484782,Andrew Basha,CGY,L,49.0,,nhl_search_api
8480208,Drake Batherson,OTT,R,19.0,,nhl_search_api
8484788,Kamil Bednarik,NYI,C,,,nhl_search_api
8483772,Parker Bell,CGY,L,87.0,,nhl_search_api
8485729,Stanislav Berezhnoy,CHI,G,31.0,,nhl_search_api
8484900,Cooper Black,FLA,G,31.0,,nhl_search_api
8476278,Colin Blackwell,DAL,C,15.0,,nhl_search_api
8482809,Jackson Blake,CAR,R,53.0,,nhl_search_api
8481557,Matt Boldy,MIN,L,12.0,,nhl_search_api
8484148,Oliver Bonk,PHI,D,59.0,,nhl_search_api
8480003,Jesper Boqvist,FLA,C,70.0,,nhl_search_api
8478840,Will Borgen,NYR,D,17.0,,nhl_search_api
8480803,Evan Bouchard,EDM,D,2.0,,nhl_search_api
8483890,Braeden Bowman,VGK,R,42.0,,nhl_search_api
8481598,Philip Broberg,STL,D,6.0,,nhl_search_api
8485381,Henry Brzustewicz,LAK,D,,,nhl_search_api
8477402,Pavel Buchnevich,STL,L,89.0,,nhl_search_api
8484798,Zeev Buium,VAN,D,24.0,,nhl_search_api
8485059,Austin Burnevik,ANA,R,81.0,,nhl_search_api
8470613,Brent Burns,COL,D,84.0,,nhl_search_api
8474590,John Carlson,WSH,D,74.0,,nhl_search_api
8485036,Clarke Caswell,SEA,L,56.0,,nhl_search_api
8484464,Noah Chadwick,TOR,D,58.0,,nhl_search_api
8485635,Gabriel Chiarot,VAN,R,,,nhl_search_api
8477365,Connor Clifton,PIT,D,75.0,,nhl_search_api
8479594,Nathan Clurman,MTL,D,44.0,,nhl_search_api
8479525,Ross Colton,COL,C,20.0,,nhl_search_api
8482679,Matt Coronato,CGY,R,27.0,,nhl_search_api
8479602,Jeremy Davies,VGK,D,84.0,,nhl_search_api
8480865,Noah Dobson,MTL,D,53.0,,nhl_search_api
8475343,Nic Dowd,WSH,C,26.0,,nhl_search_api
8475168,Matt Duchene,DAL,C,95.0,,nhl_search_api
8476856,Mathew Dumba,PIT,D,24.0,,nhl_search_api
8474586,Jordan Eberle,SEA,R,7.0,,nhl_search_api
8482762,Simon Edvinsson,DET,D,77.0,,nhl_search_api
8484807,Cole Eiserman,NYI,L,,,nhl_search_api
8484808,Charlie Elick,CBJ,D,57.0,,nhl_search_api
8483680,George Fegaras,DAL,D,,,nhl_search_api
8482090,Jack Finley,TBL,C,62.0,,nhl_search_api
8485020,Dmitry Gamzin,NYI,G,,,nhl_search_api
8476867,Brendan Gaunce,CBJ,C,16.0,,nhl_search_api
8485058,Rico Gredig,NYR,L,82.0,,nhl_search_api
8482168,Maxim Groshev,TBL,D,52.0,,nhl_search_api
8479336,Carl Grundstrom,PHI,R,91.0,,nhl_search_api
8481586,Matvey Guskov,MIN,C,,,nhl_search_api
8484799,Michael Hage,MTL,C,,,nhl_search_api
8482512,Jackson Hallum,VGK,L,59.0,,nhl_search_api
8477990,Brandon Halverson,TBL,G,33.0,,nhl_search_api
8477451,Ryan Hartman,MIN,R,38.0,,nhl_search_api
8483666,Mattias Havelid,SJS,D,25.0,,nhl_search_api
8483453,Gavin Hayes,CHI,L,92.0,,nhl_search_api
8480849,Barrett Hayton,UTA,C,27.0,,nhl_search_api
8484864,Kevin He,WPG,L,46.0,,nhl_search_api
8480002,Nico Hischier,NJD,C,13.0,,nhl_search_api
8477405,Marcus Hogberg,NYI,G,50.0,,nhl_search_api
8484181,Michael Hrabal,UTA,G,,,nhl_search_api
8483457,Lane Hutson,MTL,D,48.0,,nhl_search_api
8484938,Arttu Hyry,DAL,R,25.0,,nhl_search_api
8481607,Albert Johansson,DET,D,20.0,,nhl_search_api
8483679,Anton Johansson,DET,D,,,nhl_search_api
8485638,Ludvig Johnson,UTA,D,,,nhl_search_api
8478472,Mathieu Joseph,STL,R,71.0,,nhl_search_api
8478057,Dakota Joshua,TOR,C,81.0,,nhl_search_api
8475172,Nazem Kadri,CGY,C,91.0,,nhl_search_api
8482176,Wyatt Kaiser,CHI,D,44.0,,nhl_search_api
8482775,Oliver Kapanen,MTL,C,91.0,,nhl_search_api
8483461,Devin Kaplan,PHI,R,68.0,,nhl_search_api
8484397,Arttu Karki,VGK,D,,,nhl_search_api
8483739,Gustav Karlsson,BUF,C,,,nhl_search_api
8476448,William Karlsson,VGK,C,71.0,,nhl_search_api
8485084,Yaroslav Korostelyov,SJS,G,,,nhl_search_api
8478092,Pavel Kraskovsky,WPG,C,,,nhl_search_api
8476792,Torey Krug,STL,D,47.0,,nhl_search_api
8483467,Kirill Kudryavtsev,VAN,D,59.0,,nhl_search_api
8480798,Philipp Kurashev,SJS,C,96.0,,nhl_search_api
8485607,Noah Laberge,BUF,D,,,nhl_search_api
8482928,Brody Lamb,NYR,R,46.0,,nhl_search_api
8482668,Tristan Lennox,NYI,G,35.0,,nhl_search_api
8484186,Ryan Leonard,WSH,R,9.0,,nhl_search_api
8485074,Stevie Leskovar,MIN,D,,,nhl_search_api
8482929,Emil Lilleberg,TBL,D,78.0,,nhl_search_api
8485443,Zeb Lindgren,NYR,D,,,nhl_search_api
8485602,Jimmy Lombardi,LAK,C,,,nhl_search_api
8483478,Rieger Lorenz,MIN,L,,,nhl_search_api
8481711,Matias Maccelli,TOR,L,63.0,,nhl_search_api
8477511,Anthony Mantha,PIT,R,39.0,,nhl_search_api
8478975,Mason Marchment,CBJ,L,17.0,,nhl_search_api
8485444,Owen Martin,WPG,C,72.0,,nhl_search_api
8479318,Auston Matthews,TOR,C,34.0,,nhl_search_api
8477955,Jared McCann,SEA,L,19.0,,nhl_search_api
8474151,Ryan McDonagh,TBL,D,27.0,,nhl_search_api
8478414,Timo Meier,NJD,R,28.0,,nhl_search_api
8484416,Quentin Miller,MTL,G,,,nhl_search_api
8483489,Fraser Minten,BOS,C,93.0,,nhl_search_api
8484878,Luke Misa,CGY,C,78.0,,nhl_search_api
8484599,Nate Misskey,SJS,D,89.0,,nhl_search_api
8485445,Mason Moe,NJD,C,,,nhl_search_api
8478470,Samuel Montembeault,MTL,G,35.0,,nhl_search_api
8484197,Oliver Moore,CHI,C,11.0,,nhl_search_api
8484399,Vadim Moroz,UTA,R,,,nhl_search_api
8484821,Sam Morton,CGY,C,45.0,,nhl_search_api
8484445,Timur Mukhanov,CAR,L,,,nhl_search_api
8484200,Quentin Musty,SJS,L,13.0,,nhl_search_api
8484203,Bradly Nadeau,CAR,L,29.0,,nhl_search_api
8482746,Olivier Nadeau,BUF,R,54.0,,nhl_search_api
8477968,Alex Nedeljkovic,SJS,G,33.0,,nhl_search_api
8484770,Sam O'Reilly,TBL,R,23.0,,nhl_search_api
8479671,Mathieu Olivier,CBJ,R,24.0,,nhl_search_api
8476892,Colton Parayko,STL,D,55.0,,nhl_search_api
8480238,Jiri Patera,VAN,G,30.0,,nhl_search_api
8481592,Jakob Pelletier,TBL,L,11.0,,nhl_search_api
8484401,Christopher Pelosi,BOS,C,,,nhl_search_api
8484473,Janne Peltonen,CHI,D,,,nhl_search_api
8481059,Scott Perunovich,UTA,D,48.0,,nhl_search_api
8484872,Kasper Pikkarainen,NJD,R,,,nhl_search_api
8482748,Francesco Pinelli,LAK,C,73.0,,nhl_search_api
8480145,Neal Pionk,WPG,D,4.0,,nhl_search_api
8475752,Tyler Pitlick,MIN,C,19.0,,nhl_search_api
8482895,Nikita Quapp,CAR,G,70.0,,nhl_search_api
8484901,Jacob Quillan,TOR,C,26.0,,nhl_search_api
8476483,Rickard Rakell,PIT,R,67.0,,nhl_search_api
8480056,Jack Rathbone,BUF,D,3.0,,nhl_search_api
8482691,Aatu Raty,VAN,C,54.0,,nhl_search_api
8484218,Scott Ratzlaff,BUF,G,34.0,,nhl_search_api
8478458,Jack Roslovic,EDM,C,28.0,,nhl_search_api
8484966,Jakub Rychlovsky,DET,L,81.0,,nhl_search_api
8482890,Ethan Samson,TBL,D,75.0,,nhl_search_api
8480873,Rasmus Sandin,WSH,D,38.0,,nhl_search_api
8474568,Luke Schenn,WPG,D,5.0,,nhl_search_api
8484225,Zachary Schulz,NYI,D,,,nhl_search_api
8481068,Yegor Sharangovich,CGY,C,17.0,,nhl_search_api
8485603,Zachary Sharp,SJS,D,,,nhl_search_api
8481007,Shamil Shmakov,COL,G,,,nhl_search_api
8476869,Brady Skjei,NSH,D,76.0,,nhl_search_api
8484395,Konnor Smith,ANA,D,63.0,,nhl_search_api
8474564,Steven Stamkos,NSH,C,91.0,,nhl_search_api
8484409,Hoyt Stanley,OTT,D,,,nhl_search_api
8484232,Andrew Strathmann,CBJ,D,,,nhl_search_api
8482768,Fedor Svechkov,NSH,C,40.0,,nhl_search_api
8484235,Brandon Svoboda,SJS,C,88.0,,nhl_search_api
8479420,Tage Thompson,BUF,C,72.0,,nhl_search_api
8482631,Eduards Tralmaks,DET,R,,,nhl_search_api
8484958,Maxim Tsyplakov,NJD,R,42.0,,nhl_search_api
8484851,Veeti Väisänen,UTA,D,51.0,,nhl_search_api
8473575,Semyon Varlamov,NYI,G,40.0,,nhl_search_api
8478366,Frank Vatrano,ANA,R,77.0,,nhl_search_api
8484451,Visa Vedenpaa,SEA,G,33.0,,nhl_search_api
8480014,Gabriel Vilardi,WPG,C,13.0,,nhl_search_api
8484881,Eemil Vinni,EDM,G,,,nhl_search_api
8478435,Dan Vladar,PHI,G,80.0,,nhl_search_api
8481568,Alex Vlasic,CHI,D,72.0,,nhl_search_api
8479549,Konstantin Volkov,NSH,G,,,nhl_search_api
8483757,Theo Wallberg,OTT,D,,,nhl_search_api
8485032,Eerik Wallenius,OTT,D,,,nhl_search_api
8481569,Marshall Warren,NYI,D,41.0,,nhl_search_api
8475809,Scott Wedgewood,COL,G,41.0,,nhl_search_api
8477425,Miles Wood,CBJ,L,11.0,,nhl_search_api
8476459,Mika Zibanejad,NYR,C,93.0,,nhl_search_api
8485646,Reko Alanko,UTA,D,,,nhl_search_api
8484408,Vilmer Alriksson,VAN,L,46.0,,nhl_search_api
8479998,Mikey Anderson,LAK,D,44.0,,nhl_search_api
8478891,Mason Appleton,DET,C,22.0,,nhl_search_api
8485068,Luke Ashton,CBJ,D,,,nhl_search_api
8482137,Yaroslav Askarov,SJS,G,30.0,,nhl_search_api
8481219,Jonathan Aspirot,BOS,D,45.0,,nhl_search_api
8485496,Dalton Bancroft,BOS,R,47.0,,nhl_search_api
8477964,Ivan Barbashev,VGK,L,49.0,,nhl_search_api
8484142,Denver Barkey,PHI,C,52.0,,nhl_search_api
8478445,Mathew Barzal,NYI,C,13.0,,nhl_search_api
8484785,Jacob Battaglia,CGY,R,60.0,,nhl_search_api
8475968,Alex Belzile,MTL,R,60.0,,nhl_search_api
8482107,Mike Benning,FLA,D,20.0,,nhl_search_api
8484147,Carson Bjarnason,PHI,G,64.0,,nhl_search_api
8478444,Brock Boeser,VAN,R,6.0,,nhl_search_api
8482133,Thomas Bordeleau,NJD,C,74.0,,nhl_search_api
8485594,Yegor Borikov,UTA,R,,,nhl_search_api
8479638,Justin Brazeau,PIT,R,16.0,,nhl_search_api
8484446,Cole Brown,NJD,L,,,nhl_search_api
8484150,Hunter Brzustewicz,CGY,D,48.0,,nhl_search_api
8478416,Erik Cernak,TBL,D,81.0,,nhl_search_api
8484439,Chase Cheslock,NJD,D,,,nhl_search_api
8479395,Dennis Cholowski,NJD,D,44.0,,nhl_search_api
8479345,Jakob Chychrun,WSH,D,6.0,,nhl_search_api
8475231,Casey Cizikas,NYI,C,53.0,,nhl_search_api
8471675,Sidney Crosby,PIT,C,87.0,,nhl_search_api
8485386,Ethan Czata,TBL,C,45.0,,nhl_search_api
8475235,Nicolas Deslauriers,PHI,L,44.0,,nhl_search_api
8483085,Mikael Diotte,NJD,D,55.0,,nhl_search_api
8485483,Karsen Dorwart,PHI,L,23.0,,nhl_search_api
8477934,Leon Draisaitl,EDM,C,29.0,,nhl_search_api
8482652,Walker Duehr,WPG,R,71.0,,nhl_search_api
8480434,Sean Durzi,UTA,D,50.0,,nhl_search_api
8476441,Joel Edmundson,LAK,D,6.0,,nhl_search_api
8485006,Lucas Ellinas,OTT,L,91.0,,nhl_search_api
8476889,Radek Faksa,DAL,C,12.0,,nhl_search_api
8483441,Quinn Finley,NYI,L,,,nhl_search_api
8475762,Derek Forbort,VAN,D,27.0,,nhl_search_api
8480029,Alex Formenton,OTT,L,10.0,,nhl_search_api
8478055,Gustav Forsling,FLA,D,42.0,,nhl_search_api
8475764,Cam Fowler,STL,D,17.0,,nhl_search_api
8485593,Linus Funck,COL,D,,,nhl_search_api
8483745,Jake Furlong,CHI,D,61.0,,nhl_search_api
8483444,Nathan Gaucher,ANA,C,41.0,,nhl_search_api
8485474,Cooper Gay,COL,R,,,nhl_search_api
8482914,Kirill Gerasimyuk,FLA,G,80.0,,nhl_search_api
8483692,Dyllan Gill,TBL,D,57.0,,nhl_search_api
8485433,Mans Goos,DAL,G,,,nhl_search_api
8476906,Shayne Gostisbehere,CAR,D,4.0,,nhl_search_api
8475798,Mikael Granlund,ANA,C,64.0,,nhl_search_api
8475790,Erik Gudbranson,CBJ,D,44.0,,nhl_search_api
8481679,Max Guenette,PHI,D,,,nhl_search_api
8483451,Jordan Gustafson,VGK,C,38.0,,nhl_search_api
8481019,David Gustafsson,WPG,C,41.0,,nhl_search_api
8481749,Ethan Haider,NSH,G,29.0,,nhl_search_api
8483747,Petr Hauser,EDM,R,,,nhl_search_api
8485056,Ty Henry,CHI,D,,,nhl_search_api
8478499,Adin Hill,VGK,G,33.0,,nhl_search_api
8482085,Samuel Hlavaj,MIN,G,35.0,,nhl_search_api
8480981,Joel Hofer,STL,G,30.0,,nhl_search_api
8485644,Burke Hood,NYI,G,79.0,,nhl_search_api
8485415,William Horcoff,PIT,C,,,nhl_search_api
8483455,Isaac Howard,EDM,L,53.0,,nhl_search_api
8481559,Jack Hughes,NJD,C,86.0,,nhl_search_api
8484871,Christian Humphreys,COL,C,,,nhl_search_api
8485647,Bruno Idzan,OTT,L,,,nhl_search_api
8485399,Jack Ivankovic,NSH,G,34.0,,nhl_search_api
8484929,Juha Jaaska,CAR,L,54.0,,nhl_search_api
8482694,Justin Janicke,SEA,L,68.0,,nhl_search_api
8483712,Ludvig Jansson,FLA,D,54.0,,nhl_search_api
8482907,Oskar Jellvik,BOS,L,,,nhl_search_api
8480890,Jan Jenik,OTT,C,14.0,,nhl_search_api
8475324,Nick Jensen,OTT,D,3.0,,nhl_search_api
8479370,Tyson Jost,NSH,C,17.0,,nhl_search_api
8481560,Arthur Kaliyev,OTT,R,34.0,,nhl_search_api
8482516,Matthew Kessel,STL,D,51.0,,nhl_search_api
8473986,Alex Killorn,ANA,L,17.0,,nhl_search_api
8482918,Danila Klimovich,VAN,R,18.0,,nhl_search_api
8485564,Tinus Luc Koblar,TOR,C,,,nhl_search_api
8483732,Vsevolod Komarov,BUF,D,76.0,,nhl_search_api
8479533,Joona Koppanen,PIT,L,15.0,,nhl_search_api
8483469,Kasper Kulonummi,NSH,D,72.0,,nhl_search_api
8485527,Michal Kunc,UTA,L,,,nhl_search_api
8483727,Connor Kurth,TBL,R,68.0,,nhl_search_api
8483808,Andrei Kuzmenko,LAK,L,96.0,,nhl_search_api
8482165,Yan Kuznetsov,CGY,D,37.0,,nhl_search_api
8485669,Jacob Kvasnicka,NYI,R,,,nhl_search_api
8483690,Noah Laba,NYR,C,42.0,,nhl_search_api
8485439,Tommy Lafreniere,EDM,R,54.0,,nhl_search_api
8485650,Aidan Lane,CGY,R,,,nhl_search_api
8485672,Matthew Lansing,VAN,C,,,nhl_search_api
8482148,Hendrix Lapierre,WSH,C,29.0,,nhl_search_api
8475314,Anders Lee,NYI,L,27.0,,nhl_search_api
8481594,Nathan Légaré,NJD,R,37.0,,nhl_search_api
8479324,Ryan Lindgren,SEA,D,55.0,,nhl_search_api
8478904,Steven Lorentz,TOR,C,18.0,,nhl_search_api
8480950,Ilya Lyubushkin,DAL,D,46.0,,nhl_search_api
8483693,Joel Maatta,EDM,C,,,nhl_search_api
8481237,Kyle MacLean,NYI,C,32.0,,nhl_search_api
8480893,Kirill Marchenko,CBJ,R,86.0,,nhl_search_api
8482759,Viljami Marjala,EDM,L,57.0,,nhl_search_api
8484778,Miguel Marques,NSH,R,43.0,,nhl_search_api
8484776,Maxim Massé,ANA,R,56.0,,nhl_search_api
8484321,Nikolas Matinpalo,OTT,D,33.0,,nhl_search_api
8479325,Charlie McAvoy,BOS,D,73.0,,nhl_search_api
8484773,Julius Miettinen,SEA,C,49.0,,nhl_search_api
8481624,Ilya Mikheyev,CHI,R,95.0,,nhl_search_api
8477947,Sonny Milano,WSH,L,15.0,,nhl_search_api
8480817,K'Andre Miller,CAR,D,19.0,,nhl_search_api
8484262,Travis Mitchell,NYI,D,38.0,,nhl_search_api
8482687,Luke Mittelstadt,MTL,D,,,nhl_search_api
8485403,William Moore,BOS,C,,,nhl_search_api
8482655,J.J. Moser,TBL,D,90.0,,nhl_search_api
8485041,Niilopekka Muhonen,DAL,D,41.0,,nhl_search_api
8483753,Joey Muldowney,SJS,R,50.0,,nhl_search_api
8483575,Matt Murray,NSH,G,32.0,,nhl_search_api
8483736,Tyler Muszelik,FLA,G,,,nhl_search_api
8484204,Zach Nehring,WPG,R,,,nhl_search_api
8482089,Jake Neighbours,STL,L,63.0,,nhl_search_api
8483496,Viktor Neuchev,CAR,L,79.0,,nhl_search_api
8476467,Jamie Oleksiak,SEA,D,24.0,,nhl_search_api
8478109,Victor Olofsson,COL,L,95.0,,nhl_search_api
8480246,Nick Perbix,NSH,D,48.0,,nhl_search_api
8483501,Alexander Perevalov,CAR,L,,,nhl_search_api
8477969,Marcus Pettersson,VAN,D,29.0,,nhl_search_api
8481596,Shane Pinto,OTT,C,12.0,,nhl_search_api
8484870,Max Plante,DET,L,,,nhl_search_api
8482769,Prokhor Poltapov,BUF,L,,,nhl_search_api
8482102,Vasily Ponomarev,PIT,C,11.0,,nhl_search_api
8481591,Samuel Poulin,EDM,R,8.0,,nhl_search_api
8478500,Ivan Provorov,CBJ,D,9.0,,nhl_search_api
8484766,Jesse Pulkkinen,NYI,D,42.0,,nhl_search_api
8479992,Michael Rasmussen,DET,C,27.0,,nhl_search_api
8476422,Mike Reilly,CAR,D,6.0,,nhl_search_api
8484477,Yegor Rimashevskiy,SJS,R,52.0,,nhl_search_api
8476438,Brandon Saad,VGK,L,20.0,,nhl_search_api
8484509,Josh Samanski,EDM,C,81.0,,nhl_search_api
8477463,Steven Santini,TBL,D,16.0,,nhl_search_api
8479313,Zach Sawchenko,CBJ,G,36.0,,nhl_search_api
8482073,Braden Schneider,NYR,D,4.0,,nhl_search_api
8485629,Ashton Schultz,BUF,C,,,nhl_search_api
8483878,Kai Schwindt,FLA,L,97.0,,nhl_search_api
8484762,Beckett Sennecke,ANA,R,45.0,,nhl_search_api
8483599,Peetro Seppala,SEA,D,76.0,,nhl_search_api
8478854,Ryan Shea,PIT,D,5.0,,nhl_search_api
8485663,Gustav Sjoqvist,VGK,D,,,nhl_search_api
8476958,Jaccob Slavin,CAR,D,74.0,,nhl_search_api
8485604,Brent Solomon,DET,R,,,nhl_search_api
8478009,Ilya Sorokin,NYI,G,30.0,,nhl_search_api
8483517,Jack Sparkes,LAK,D,,,nhl_search_api
8476905,Chandler Stephenson,SEA,C,9.0,,nhl_search_api
8482714,Chase Stillman,VAN,R,61.0,,nhl_search_api
8476932,Anthony Stolarz,TOR,G,41.0,,nhl_search_api
8482766,William Stromgren,CGY,L,65.0,,nhl_search_api
8483898,Tomas Suchanek,ANA,G,78.0,,nhl_search_api
8480459,Pius Suter,STL,C,22.0,,nhl_search_api
8484423,Melker Thelin,UTA,G,,,nhl_search_api
8484268,Nikita Tolopilo,VAN,G,60.0,,nhl_search_api
8483519,Gleb Trikozov,CAR,L,73.0,,nhl_search_api
8481532,Alex Turcotte,LAK,C,15.0,,nhl_search_api
8485671,Brady Turko,ANA,R,90.0,,nhl_search_api
8482525,Ryan Tverberg,TOR,C,77.0,,nhl_search_api
8482174,William Villeneuve,TOR,D,76.0,,nhl_search_api
8482884,Semyon Vyazovoi,SEA,G,,,nhl_search_api
8484238,Anton Wahlberg,BUF,C,92.0,,nhl_search_api
8485611,Max Westergard,PHI,L,,,nhl_search_api
8485040,John Whipple,DET,D,,,nhl_search_api
8483059,Gavin White,DAL,D,74.0,,nhl_search_api
8484486,Zaccharya Wisdom,SEA,R,96.0,,nhl_search_api
8478450,Parker Wotherspoon,PIT,D,28.0,,nhl_search_api
8484418,Stanislav Yarovoi,CAR,R,,,nhl_search_api
8476981,Josh Anderson,MTL,R,17.0,,nhl_search_api
8481521,Ronnie Attard,COL,D,23.0,,nhl_search_api
8480840,Oskar Bäck,DAL,C,10.0,,nhl_search_api
8484781,Dominik Badinka,CAR,D,67.0,,nhl_search_api
8477493,Aleksander Barkov,FLA,C,16.0,,nhl_search_api
8485427,Sean Barnhill,NYR,D,,,nhl_search_api
8479414,Nathan Bastian,DAL,R,11.0,,nhl_search_api
8485580,Lucas Beckman,OTT,G,,,nhl_search_api
8481072,Tim Berni,CBJ,D,75.0,,nhl_search_api
8483565,Nick Blankenburg,NSH,D,37.0,,nhl_search_api
8482115,Ethan Bowen,ANA,C,,,nhl_search_api
8481553,Bobby Brink,PHI,R,10.0,,nhl_search_api
8476463,Jonas Brodin,MIN,D,25.0,,nhl_search_api
8485027,Simon-Pier Brunet,BUF,D,,,nhl_search_api
8483428,Filip Bystedt,SJS,C,18.0,,nhl_search_api
8478476,Kyle Capobianco,DAL,D,20.0,,nhl_search_api
8478443,Brandon Carlo,TOR,D,25.0,,nhl_search_api
8484449,Aiden Celebrini,VAN,D,,,nhl_search_api
8482513,Daniil Chechelev,CGY,G,40.0,,nhl_search_api
8481718,Semyon Chystyakov,NSH,D,,,nhl_search_api
8482889,Lucas Ciona,CGY,L,74.0,,nhl_search_api
8485030,Louka Cloutier,COL,G,,,nhl_search_api
8474013,Ian Cole,UTA,D,28.0,,nhl_search_api
8477456,J.T. Compher,DET,L,37.0,,nhl_search_api
8477429,Andrew Copp,DET,C,18.0,,nhl_search_api
8476393,Nick Cousins,OTT,C,21.0,,nhl_search_api
8480839,Rasmus Dahlin,BUF,D,26.0,,nhl_search_api
8485571,Francesco Dell'Elce,COL,D,,,nhl_search_api
8482933,Jakub Demek,VGK,C,13.0,,nhl_search_api
8477450,Jason Dickinson,CHI,C,16.0,,nhl_search_api
8481604,Pavel Dorofeyev,VGK,R,16.0,,nhl_search_api
8483750,Jackson Dorrington,NYR,D,83.0,,nhl_search_api
8482194,Ethan Edwards,NJD,D,73.0,,nhl_search_api
8482500,Noah Ellis,VGK,D,,,nhl_search_api
8484848,EJ Emery,NYR,D,,,nhl_search_api
8485664,Edison Engle,WPG,D,,,nhl_search_api
8484448,Filip Eriksson,MTL,C,,,nhl_search_api
8482858,Ryker Evans,SEA,D,41.0,,nhl_search_api
8482122,Brock Faber,MIN,D,7.0,,nhl_search_api
8484167,Paul Fischer,EDM,D,,,nhl_search_api
8479578,Casey Fitzgerald,NYR,D,45.0,,nhl_search_api
8483829,Joe Fleming,VGK,R,50.0,,nhl_search_api
8482159,Tyson Foerster,PHI,R,71.0,,nhl_search_api
8482719,Ty Gallagher,BOS,D,,,nhl_search_api
8478856,Conor Garland,VAN,R,8.0,,nhl_search_api
8484173,Ethan Gauthier,TBL,R,89.0,,nhl_search_api
8483447,Conor Geekie,TBL,C,14.0,,nhl_search_api
8485394,Eddie Genborg,DET,R,,,nhl_search_api
8478502,Dennis Gilbert,OTT,D,6.0,,nhl_search_api
8480825,Patrick Giles,SJS,R,54.0,,nhl_search_api
8484804,Spencer Gill,PHI,D,42.0,,nhl_search_api
8480874,Adam Ginning,PHI,D,13.0,,nhl_search_api
8479996,Cody Glass,NJD,C,12.0,,nhl_search_api
8479416,Ben Gleason,MIN,D,6.0,,nhl_search_api
8476826,Yanni Gourde,TBL,C,37.0,,nhl_search_api
8482695,Artem Grushnikov,CGY,D,3.0,,nhl_search_api
8485623,Emile Guite,ANA,L,89.0,,nhl_search_api
8485395,James Hagens,BOS,C,,,nhl_search_api
8483683,Tomas Hamara,OTT,D,98.0,,nhl_search_api
8479394,Carter Hart,VGK,G,79.0,,nhl_search_api
8485640,Victor Hedin Raftheim,CBJ,D,,,nhl_search_api
8482726,Samuel Helenius,LAK,C,79.0,,nhl_search_api
8478176,Joe Hicketts,LAK,D,27.0,,nhl_search_api
8485600,Gustav Hillstrom,NJD,C,,,nhl_search_api
8484829,Justin Hryckowian,DAL,C,49.0,,nhl_search_api
8482908,Viktor Hurtig,NJD,D,,,nhl_search_api
8485511,Quinn Hutson,EDM,R,23.0,,nhl_search_api
8476873,Mark Jankowski,CAR,L,77.0,,nhl_search_api
8477527,Ross Johnston,ANA,L,44.0,,nhl_search_api
8485617,Atte Joki,DAL,C,,,nhl_search_api
8480448,Parker Kelly,COL,C,17.0,,nhl_search_api
8480891,Michael Kesselring,BUF,D,8.0,,nhl_search_api
8481611,Pyotr Kochetkov,CAR,G,52.0,,nhl_search_api
8483466,Kevin Korchinski,CHI,D,14.0,,nhl_search_api
8476914,Joonas Korpisalo,BOS,G,70.0,,nhl_search_api
8482875,Aku Koskenvuo,VAN,G,,,nhl_search_api
8484496,Kristian Kostadinski,BOS,D,,,nhl_search_api
8484835,Ben Kraws,DAL,G,32.0,,nhl_search_api
8484822,Luke Krys,DAL,D,36.0,,nhl_search_api
8478956,Samuel Laberge,SJS,L,79.0,,nhl_search_api
8478021,William Lagesson,DET,D,84.0,,nhl_search_api
8476455,Gabriel Landeskog,COL,L,92.0,,nhl_search_api
8484185,Nick Lardis,CHI,L,76.0,,nhl_search_api
8483052,Kaleb Lawrence,LAK,C,88.0,,nhl_search_api
8481517,Brett Leason,WSH,R,20.0,,nhl_search_api
8481732,Andre Lee,LAK,L,47.0,,nhl_search_api
8485101,Ryerson Leenders,BUF,G,,,nhl_search_api
8484783,Artyom Levshunov,CHI,D,55.0,,nhl_search_api
8476902,Esa Lindell,DAL,D,23.0,,nhl_search_api
8481481,Blake Lizotte,PIT,C,46.0,,nhl_search_api
8483480,Paul Ludwinski,CHI,C,90.0,,nhl_search_api
8480878,Nils Lundkvist,DAL,D,5.0,,nhl_search_api
8485595,Ilyas Magomedsultanov,SJS,D,,,nhl_search_api
8482913,Nikolai Makarov,CBJ,D,,,nhl_search_api
8478233,Andrew Mangiapane,EDM,L,88.0,,nhl_search_api
8484777,Luca Marrelli,CBJ,D,54.0,,nhl_search_api
8479579,Joseph Masonius,PIT,D,70.0,,nhl_search_api
8478062,Dysin Mayo,CBJ,D,37.0,,nhl_search_api
8484271,Ryan McAllister,FLA,C,76.0,,nhl_search_api
8476931,Jake McCabe,TOR,D,22.0,,nhl_search_api
8482881,Max McCue,CBJ,C,93.0,,nhl_search_api
8481580,Connor McMichael,WSH,C,24.0,,nhl_search_api
8484616,Matyas Melovsky,NJD,C,83.0,,nhl_search_api
8484636,Harrison Meneghin,TBL,G,1.0,,nhl_search_api
8482501,Amir Miftakhov,CAR,G,35.0,,nhl_search_api
8484196,Tanner Molendyk,NSH,D,50.0,,nhl_search_api
8484198,Etienne Morin,CGY,D,59.0,,nhl_search_api
8482666,Scott Morrow,NYR,D,60.0,,nhl_search_api
8482158,Topi Niemela,TOR,D,47.0,,nhl_search_api
8485417,Eric Nilson,ANA,C,46.0,,nhl_search_api
8478438,Tommy Novak,PIT,C,18.0,,nhl_search_api
8477070,Liam O'Brien,UTA,C,38.0,,nhl_search_api
8481167,Brayden Pachal,CGY,D,94.0,,nhl_search_api
8484479,Norwin Panocha,BUF,D,,,nhl_search_api
8484768,Zayne Parekh,CGY,D,19.0,,nhl_search_api
8485687,Aidan Park,EDM,C,,,nhl_search_api
8484874,Riley Patterson,VAN,C,,,nhl_search_api
8482175,JJ Peterka,UTA,R,77.0,,nhl_search_api
8483678,Elias Pettersson,VAN,D,25.0,,nhl_search_api
8485019,Chase Pietila,PIT,D,44.0,,nhl_search_api
8484421,Eric Pohlkamp,SJS,D,48.0,,nhl_search_api
8478010,Brayden Point,TBL,C,21.0,,nhl_search_api
8485378,Tomas Poletin,NYI,L,78.0,,nhl_search_api
8485045,Noah Powell,PHI,R,,,nhl_search_api
8482944,Daniil Pylenkov,TBL,D,,,nhl_search_api
8477499,Rasmus Ristolainen,PHI,D,55.0,,nhl_search_api
8484764,Colton Roberts,SJS,D,68.0,,nhl_search_api
8482749,Joshua Roy,MTL,R,89.0,,nhl_search_api
8485014,Heikki Ruohonen,PHI,C,,,nhl_search_api
8485368,Ivan Ryabkin,CAR,C,49.0,,nhl_search_api
8477948,Travis Sanheim,PHI,D,6.0,,nhl_search_api
8485097,Basile Sansonnens,VAN,D,,,nhl_search_api
8484224,Gracyn Sawchyn,FLA,C,59.0,,nhl_search_api
8483407,Brandon Scanlin,NYR,D,58.0,,nhl_search_api
8481033,Akira Schmid,VGK,G,40.0,,nhl_search_api
8485103,Fisher Scott,DET,D,,,nhl_search_api
8482131,Donovan Sebrango,FLA,D,6.0,,nhl_search_api
8485004,Matvei Shuravin,FLA,D,,,nhl_search_api
8484863,Will Skahan,UTA,D,,,nhl_search_api
8482172,Landon Slaggert,CHI,L,84.0,,nhl_search_api
8484417,Hampton Slukynsky,LAK,G,,,nhl_search_api
8482062,Cole Smith,NSH,L,36.0,,nhl_search_api
8475191,Reilly Smith,VGK,R,19.0,,nhl_search_api
8481725,Elmer Soderblom,DET,L,85.0,,nhl_search_api
8474716,Jared Spurgeon,MIN,D,46.0,,nhl_search_api
8481056,Spencer Stastney,EDM,D,24.0,,nhl_search_api
8485091,Noah Steen,TBL,L,,,nhl_search_api
8481477,Nico Sturm,MIN,C,78.0,,nhl_search_api
8480280,Jeremy Swayman,BOS,G,1.0,,nhl_search_api
8480023,Robert Thomas,STL,C,18.0,,nhl_search_api
8483685,Aidan Thompson,CHI,C,78.0,,nhl_search_api
8483099,Anson Thornton,UTA,G,34.0,,nhl_search_api
8484392,Felix Unger Sorum,CAR,R,36.0,,nhl_search_api
8484485,Nicholas Vantassell,OTT,R,,,nhl_search_api
8481716,Dmitri Voronkov,CBJ,L,10.0,,nhl_search_api
8481570,Cade Webber,TOR,D,52.0,,nhl_search_api
8481691,McKade Webster,TBL,L,,,nhl_search_api
8485469,Jack Williams,CBJ,R,29.0,,nhl_search_api
8484759,Carter Yakemchuk,OTT,D,58.0,,nhl_search_api
8479977,Kailer Yamamoto,UTA,R,56.0,,nhl_search_api
8481178,Egor Zamula,CBJ,D,6.0,,nhl_search_api
8482245,Artem Zub,OTT,D,2.0,,nhl_search_api
8479022,Rodrigo Abols,PHI,C,18.0,,nhl_search_api
8478427,Sebastian Aho,CAR,C,20.0,,nhl_search_api
8485352,Kashawn Aitcheson,NYI,D,37.0,,nhl_search_api
8484139,Beau Akey,EDM,D,82.0,,nhl_search_api
8483798,Owen Allard,UTA,C,37.0,,nhl_search_api
8484429,Matthew Andonovski,OTT,D,,,nhl_search_api
8484995,Nikita Artamonov,CAR,L,,,nhl_search_api
8484141,Trey Augustine,DET,G,,,nhl_search_api
8483721,Artem Barabosha,NJD,D,,,nhl_search_api
8484444,Samu Bau,UTA,C,,,nhl_search_api
8479945,Gavin Bayreuther,BUF,D,25.0,,nhl_search_api
8485364,David Bedkowski,BUF,D,,,nhl_search_api
8481556,John Beecher,CGY,C,18.0,,nhl_search_api
8481122,Simon Benoit,TOR,D,2.0,,nhl_search_api
8484838,Alexis Bernier,SEA,D,43.0,,nhl_search_api
8484146,Tristan Bertucci,DAL,D,42.0,,nhl_search_api
8477416,Oliver Bjorkstrand,TBL,R,22.0,,nhl_search_api
8478104,Sammy Blais,MTL,L,27.0,,nhl_search_api
8476927,Teddy Blueger,VAN,C,53.0,,nhl_search_api
8481541,Samuel Bolduc,LAK,D,58.0,,nhl_search_api
8483667,Dmitri Buchelnikov,DET,L,,,nhl_search_api
8482777,Shai Buium,DET,D,22.0,,nhl_search_api
8483746,Vyacheslav Buteyets,ANA,G,32.0,,nhl_search_api
8483045,Cameron Butler,MIN,R,37.0,,nhl_search_api
8484152,Luca Cagnoni,SJS,D,42.0,,nhl_search_api
8480828,Michael Callahan,BOS,D,79.0,,nhl_search_api
8478851,Alexandre Carrier,MTL,D,45.0,,nhl_search_api
8478469,Thomas Chabot,OTT,D,72.0,,nhl_search_api
8482877,Jaroslav Chmelar,NYR,R,49.0,,nhl_search_api
8482824,Nick Cicek,CGY,D,41.0,,nhl_search_api
8482939,Chase Clark,WSH,G,41.0,,nhl_search_api
8484529,Connor Clattenburg,EDM,C,64.0,,nhl_search_api
8484803,Trevor Connelly,VGK,L,24.0,,nhl_search_api
8485085,Joe Connor,TBL,L,,,nhl_search_api
8478398,Kyle Connor,WPG,L,81.0,,nhl_search_api
8483431,Logan Cooley,UTA,C,92.0,,nhl_search_api
8485615,Alexis Cournoyer,MTL,G,,,nhl_search_api
8485631,Ashton Cumby,CHI,D,,,nhl_search_api
8482703,Colton Dach,CHI,C,34.0,,nhl_search_api
8479337,Alex DeBrincat,DET,R,93.0,,nhl_search_api
8480876,Curtis Douglas,TBL,C,42.0,,nhl_search_api
8482142,Jamie Drysdale,PHI,D,9.0,,nhl_search_api
8484165,David Edstrom,NSH,C,60.0,,nhl_search_api
8482667,William Eklund,SJS,L,72.0,,nhl_search_api
8481551,Colten Ellis,BUF,G,92.0,,nhl_search_api
8475753,Justin Faulk,STL,D,72.0,,nhl_search_api
8485390,Conrad Fondrk,NJD,C,,,nhl_search_api
8481518,Nolan Foote,FLA,L,25.0,,nhl_search_api
8485079,Charlie Forslund,DET,L,,,nhl_search_api
8485561,Semyon Frolov,CAR,G,,,nhl_search_api
8485618,Mikhail Fyodorov,STL,R,,,nhl_search_api
8479328,Julien Gauthier,NYI,R,26.0,,nhl_search_api
8485066,Patrick Geary,BUF,D,,,nhl_search_api
8479398,Samuel Girard,COL,D,49.0,,nhl_search_api
8476822,Luke Glendening,NJD,C,14.0,,nhl_search_api
8476624,Barclay Goodrow,SJS,C,23.0,,nhl_search_api
8476979,Erik Gustafsson,DET,D,56.0,,nhl_search_api
8479542,Brandon Hagel,TBL,L,38.0,,nhl_search_api
8484176,Kasper Halttunen,SJS,R,14.0,,nhl_search_api
8480468,James Hamblin,EDM,L,52.0,,nhl_search_api
8484177,Lenni Hameenaho,NJD,R,29.0,,nhl_search_api
8478424,Jansen Harkins,ANA,C,24.0,,nhl_search_api
8475287,Erik Haula,NSH,L,56.0,,nhl_search_api
8485657,Caleb Heil,TBL,G,70.0,,nhl_search_api
8480036,Miro Heiskanen,DAL,D,4.0,,nhl_search_api
8484797,Konsta Helenius,BUF,C,94.0,,nhl_search_api
8481563,Drew Helleson,ANA,D,14.0,,nhl_search_api
8483748,Ben Hemmerling,VGK,R,63.0,,nhl_search_api
8476881,Tomas Hertl,VGK,C,48.0,,nhl_search_api
8477018,Ben Hutton,VGK,D,17.0,,nhl_search_api
8475714,Calle Jarnkrok,TOR,C,19.0,,nhl_search_api
8483460,David Jiricek,MIN,D,55.0,,nhl_search_api
8485072,Loke Johansson,BOS,D,86.0,,nhl_search_api
8474600,Roman Josi,NSH,D,59.0,,nhl_search_api
8483737,Nils Juntorp,CAR,R,,,nhl_search_api
8474141,Patrick Kane,DET,R,88.0,,nhl_search_api
8480284,Vladislav Kara,TOR,L,,,nhl_search_api
8484182,Larry Keenan,DET,D,,,nhl_search_api
8482950,Hank Kempf,COL,D,,,nhl_search_api
8484454,Sean Keohane,BUF,D,,,nhl_search_api
8482828,Riley Kidney,MTL,C,86.0,,nhl_search_api
8482922,Kirill Kirsanov,LAK,D,78.0,,nhl_search_api
8485138,Viliam Kmec,VGK,D,79.0,,nhl_search_api
8481043,Cole Koepke,WPG,L,45.0,,nhl_search_api
8485051,Timur Kol,CAR,D,,,nhl_search_api
8481527,Kaedan Korczak,VGK,D,6.0,,nhl_search_api
8483705,Arseni Koromyslov,STL,D,,,nhl_search_api
8475179,Dmitry Kulikov,FLA,D,7.0,,nhl_search_api
8479339,Patrik Laine,MTL,R,92.0,,nhl_search_api
8483702,Reese Laubach,SJS,C,80.0,,nhl_search_api
8484880,Tomas Lavoie,UTA,D,75.0,,nhl_search_api
8479968,Vinni Lettieri,TOR,C,95.0,,nhl_search_api
8485442,Kurban Limatov,CAR,D,,,nhl_search_api
8484187,Kalan Lind,NSH,L,48.0,,nhl_search_api
8482761,Carl Lindbom,VGK,G,30.0,,nhl_search_api
8479292,Charlie Lindgren,WSH,G,79.0,,nhl_search_api
8484780,Cayden Lindstrom,CBJ,C,28.0,,nhl_search_api
8482882,Eetu Liukas,NYI,L,84.0,,nhl_search_api
8479066,Ryan Lomberg,CGY,L,70.0,,nhl_search_api
8485043,Veeti Louhivaara,NJD,G,,,nhl_search_api
8484779,Jett Luchanko,PHI,C,17.0,,nhl_search_api
8484394,Tanner Ludtke,UTA,C,,,nhl_search_api
8482113,Anton Lundell,FLA,C,15.0,,nhl_search_api
8483483,Julian Lutz,UTA,L,43.0,,nhl_search_api
8479772,Zack MacEwen,NJD,R,15.0,,nhl_search_api
8482733,Logan Mailloux,STL,D,23.0,,nhl_search_api
8483768,Victor Mancini,VAN,D,90.0,,nhl_search_api
8476312,Josh Manson,COL,D,42.0,,nhl_search_api
8478483,Mitch Marner,VGK,R,93.0,,nhl_search_api
8484452,Matthew Mayich,STL,D,95.0,,nhl_search_api
8482802,Carter Mazur,DET,L,43.0,,nhl_search_api
8484192,Gavin McCarthy,BUF,D,,,nhl_search_api
8483486,Bryce McConnell-Barker,NYR,C,47.0,,nhl_search_api
8484287,Cole McWard,NYI,D,4.0,,nhl_search_api
8477034,Jaycob Megna,VGK,D,88.0,,nhl_search_api
8483717,Owen Mehlenbacher,DET,C,,,nhl_search_api
8480292,Carson Meyer,BUF,R,49.0,,nhl_search_api
8478136,Jake Middleton,MIN,D,5.0,,nhl_search_api
8485686,Yegor Midlak,FLA,G,,,nhl_search_api
8482519,Veeti Miettinen,TOR,R,,,nhl_search_api
8483492,Nicholas Moldenhauer,TOR,R,,,nhl_search_api
8477497,Sean Monahan,CBJ,C,23.0,,nhl_search_api
8477986,Brandon Montour,SEA,D,62.0,,nhl_search_api
8485598,John Mooney,MTL,C,,,nhl_search_api
8476473,Connor Murphy,CHI,D,5.0,,nhl_search_api
8482734,Evan Nause,FLA,D,52.0,,nhl_search_api
8485409,Jack Nesbitt,PHI,C,,,nhl_search_api
8485446,Elijah Neuenschwander,ANA,G,30.0,,nhl_search_api
8482100,Alexander Nikishin,CAR,D,21.0,,nhl_search_api
8485022,Viktor Norringer,NSH,L,55.0,,nhl_search_api
8477931,Tomas Nosek,FLA,L,92.0,,nhl_search_api
8485046,Timofei Obvintsev,TOR,G,,,nhl_search_api
8483500,Noah Ostlund,BUF,C,86.0,,nhl_search_api
8475151,Kyle Palmieri,NYI,C,21.0,,nhl_search_api
8481704,Juuso Parssinen,NYR,C,71.0,,nhl_search_api
8484211,Jayden Perron,CAR,R,,,nhl_search_api
8473507,Jeff Petry,FLA,D,2.0,,nhl_search_api
8485055,Kaden Pitre,TBL,C,83.0,,nhl_search_api
8485473,Isak Posch,COL,G,35.0,,nhl_search_api
8485376,Cullen Potter,CGY,C,,,nhl_search_api
8476884,Derrick Pouliot,NYR,D,51.0,,nhl_search_api
8484868,Jack Pridham,CHI,R,,,nhl_search_api
8481703,Valtteri Puustinen,COL,R,48.0,,nhl_search_api
8471734,Jonathan Quick,NYR,G,32.0,,nhl_search_api
8478178,Darren Raddysh,TBL,D,43.0,,nhl_search_api
8480846,Sampo Ranta,COL,L,75.0,,nhl_search_api
8483716,Joel Ratkovic Berndtsson,BUF,R,,,nhl_search_api
8483110,Anri Ravinskis,VAN,R,,,nhl_search_api
8481133,Cole Reinhardt,VGK,L,23.0,,nhl_search_api
8479496,David Rittich,NYI,G,33.0,,nhl_search_api
8485681,Nolan Roed,COL,C,,,nhl_search_api
8481014,Alexander Romanov,NYI,D,28.0,,nhl_search_api
8485369,Jacob Rombach,NSH,D,84.0,,nhl_search_api
8482079,Marco Rossi,VAN,C,93.0,,nhl_search_api
8485003,Kim Saarinen,SEA,G,45.0,,nhl_search_api
8477149,Scott Sabourin,TBL,R,46.0,,nhl_search_api
8482915,Ilya Safonov,VAN,C,,,nhl_search_api
8482760,Samu Salminen,NJD,C,,,nhl_search_api
8482105,Jake Sanderson,OTT,D,85.0,,nhl_search_api
8484136,Max Sasson,VAN,C,63.0,,nhl_search_api
8483513,Reid Schaefer,NSH,L,49.0,,nhl_search_api
8477951,Nick Schmaltz,UTA,C,8.0,,nhl_search_api
8477351,Ryan Segalla,PIT,D,63.0,,nhl_search_api
8484226,Jayson Shaugabay,TBL,R,,,nhl_search_api
8482705,Cole Sillinger,CBJ,C,4.0,,nhl_search_api
8476925,Colton Sissons,VGK,C,10.0,,nhl_search_api
8484540,Blake Smith,TOR,D,,,nhl_search_api
8482470,Ilya Solovyov,PIT,D,7.0,,nhl_search_api
8485539,Wojciech Stachowiak,TBL,L,19.0,,nhl_search_api
8479378,Logan Stanley,WPG,D,64.0,,nhl_search_api
8485358,Theo Stockselius,CGY,C,,,nhl_search_api
8480021,Jack Studnicka,FLA,C,53.0,,nhl_search_api
8483720,Santeri Sulku,PHI,L,,,nhl_search_api
8475765,Vladimir Tarasenko,MIN,R,91.0,,nhl_search_api
8476882,Teuvo Teravainen,CHI,C,86.0,,nhl_search_api
8484830,Camden Thiesing,NYI,C,58.0,,nhl_search_api
8482938,Cal Thomas,UTA,D,,,nhl_search_api
8485612,Ivan Tkach-Tkachenko,UTA,G,,,nhl_search_api
8476952,Dominic Toninato,CHI,C,25.0,,nhl_search_api
8476389,Vincent Trocheck,NYR,C,16.0,,nhl_search_api
8482134,Luke Tuch,MTL,L,88.0,,nhl_search_api
8479362,Riley Tufte,BOS,L,10.0,,nhl_search_api
8482715,Ryan Ufko,NSH,D,85.0,,nhl_search_api
8485090,Darels Uljanskis,ANA,D,88.0,,nhl_search_api
8477845,Trevor van Riemsdyk,WSH,D,57.0,,nhl_search_api
8479705,Jeffrey Viel,ANA,L,28.0,,nhl_search_api
8477573,Nathan Walker,STL,L,26.0,,nhl_search_api
8480336,Sean Walker,CAR,D,26.0,,nhl_search_api
8485512,Tim Washe,ANA,C,42.0,,nhl_search_api
8470642,Shea Weber,CHI,D,6.0,,nhl_search_api
8484843,Mikhail Yegorov,NJD,G,,,nhl_search_api
8478401,Pavel Zacha,BOS,C,18.0,,nhl_search_api
8484841,Simon Zether,FLA,C,,,nhl_search_api
8483569,Wyatt Aamodt,COL,D,5.0,,nhl_search_api
8478569,Noel Acciari,PIT,C,55.0,,nhl_search_api
8474596,Jake Allen,NJD,G,34.0,,nhl_search_api
8479994,Jaret Anderson-Dolan,WPG,C,28.0,,nhl_search_api
8479944,Zachary Aston-Reese,CBJ,L,27.0,,nhl_search_api
8485625,Everett Baldwin,TBL,D,97.0,,nhl_search_api
8482111,Justin Barron,NSH,D,20.0,,nhl_search_api
8485362,Carter Bear,DET,L,,,nhl_search_api
8478463,Anthony Beauvillier,WSH,L,72.0,,nhl_search_api
8484144,Connor Bedard,CHI,C,98.0,,nhl_search_api
8475760,Nick Bjugstad,STL,C,77.0,,nhl_search_api
8485374,Lasse Boelius,ANA,D,53.0,,nhl_search_api
8483579,Wyatt Bongiovanni,OTT,L,49.0,,nhl_search_api
8484794,Michael Brandsegg-Nygård,DET,R,28.0,,nhl_search_api
8477380,Jonny Brodzinski,NYR,C,22.0,,nhl_search_api
8479366,Logan Brown,LAK,C,92.0,,nhl_search_api
8477887,Patrick Brown,BOS,C,38.0,,nhl_search_api
8477444,Andre Burakovsky,CHI,L,28.0,,nhl_search_api
8484155,Mathieu Cataford,VGK,C,8.0,,nhl_search_api
8481540,Cole Caufield,MTL,R,13.0,,nhl_search_api
8483654,Luke Cavallin,BOS,G,60.0,,nhl_search_api
8485563,Charlie Cerrato,CAR,C,,,nhl_search_api
8485610,Cole Chandler,BOS,C,,,nhl_search_api
8479599,Nikolai Chebykin,TOR,L,,,nhl_search_api
8482160,Martin Chromiak,LAK,R,42.0,,nhl_search_api
8480992,Magnus Chrona,NSH,G,30.0,,nhl_search_api
8477480,Eric Comrie,WPG,G,1.0,,nhl_search_api
8485385,Braeden Cootes,VAN,C,80.0,,nhl_search_api
8482141,Lukas Cormier,VGK,D,51.0,,nhl_search_api
8481032,Paul Cotter,NJD,L,47.0,,nhl_search_api
8485628,Jackson Crowder,WSH,C,,,nhl_search_api
8485648,Aron Dahlqvist,WSH,D,,,nhl_search_api
8483740,Josh Davies,FLA,L,56.0,,nhl_search_api
8482076,Nico Daws,NJD,G,50.0,,nhl_search_api
8478494,Alexander Dergachyov,LAK,C,,,nhl_search_api
8477503,Max Domi,TOR,C,11.0,,nhl_search_api
8481750,Braden Doyle,LAK,D,,,nhl_search_api
8477494,Jonathan Drouin,NYI,L,29.0,,nhl_search_api
8479400,Pierre-Luc Dubois,WSH,L,80.0,,nhl_search_api
8483436,Artem Duda,UTA,D,84.0,,nhl_search_api
8482623,Josh Dunne,BUF,C,44.0,,nhl_search_api
8481726,Adam Edstrom,NYR,C,84.0,,nhl_search_api
8477932,Aaron Ekblad,FLA,D,5.0,,nhl_search_api
8475218,Mattias Ekholm,EDM,D,14.0,,nhl_search_api
8477454,Adam Erne,DAL,L,73.0,,nhl_search_api
8484166,Adam Fantilli,CBJ,C,19.0,,nhl_search_api
8484400,Jiri Felcman,CHI,C,75.0,,nhl_search_api
8484471,Emmitt Finnie,DET,C,58.0,,nhl_search_api
8484135,Parker Ford,WPG,C,25.0,,nhl_search_api
8485599,Aiden Foster,TBL,C,95.0,,nhl_search_api
8484170,Jacob Fowler,MTL,G,32.0,,nhl_search_api
8475848,Brendan Gallagher,MTL,R,11.0,,nhl_search_api
8480283,Tobias Geisser,WSH,D,46.0,,nhl_search_api
8480870,Bo Groulx,TOR,C,21.0,,nhl_search_api
8476891,Matt Grzelcyk,CHI,D,48.0,,nhl_search_api
8483676,Stephen Halliday,OTT,C,83.0,,nhl_search_api
8483531,Brian Halonen,NJD,L,48.0,,nhl_search_api
8478396,Noah Hanifin,VGK,D,15.0,,nhl_search_api
8482923,Taige Harding,CHI,D,47.0,,nhl_search_api
8479656,Cam Hebig,UTA,C,78.0,,nhl_search_api
8475167,Victor Hedman,TBL,D,77.0,,nhl_search_api
8481572,Ville Heinola,WPG,D,34.0,,nhl_search_api
8484795,Tij Iginla,UTA,C,12.0,,nhl_search_api
8483930,Ivan Ivan,COL,C,82.0,,nhl_search_api
8483459,Dylan James,DET,L,,,nhl_search_api
8479661,Tanner Jeannot,BOS,L,84.0,,nhl_search_api
8476432,Boone Jenner,CBJ,C,38.0,,nhl_search_api
8477992,Jonas Johansson,TBL,G,31.0,,nhl_search_api
8481554,Kaapo Kakko,SEA,R,84.0,,nhl_search_api
8474578,Erik Karlsson,PIT,D,65.0,,nhl_search_api
8485023,Nicholas Kempf,WSH,G,,,nhl_search_api
8483726,Maximilian Kilpinen,DET,L,,,nhl_search_api
8485018,Christian Kirsch,SJS,G,,,nhl_search_api
8483609,Adam Klapka,CGY,R,43.0,,nhl_search_api
8481519,Spencer Knight,CHI,G,30.0,,nhl_search_api
8483787,Cole Knuble,PHI,R,54.0,,nhl_search_api
8471685,Anze Kopitar,LAK,C,11.0,,nhl_search_api
8482710,Dmitri Kostenko,MTL,D,,,nhl_search_api
8476967,Brett Kulak,PIT,D,77.0,,nhl_search_api
8479550,Tanner Laczynski,VGK,C,28.0,,nhl_search_api
8482109,Alexis Lafrenière,NYR,L,13.0,,nhl_search_api
8477996,Juho Lammikko,NJD,C,83.0,,nhl_search_api
8485411,Ryker Lee,NSH,R,73.0,,nhl_search_api
8483475,Topias Leinonen,BUF,G,50.0,,nhl_search_api
8476854,Hampus Lindholm,BOS,D,27.0,,nhl_search_api
8483695,Amadeus Lombardi,DET,C,78.0,,nhl_search_api
8482770,Vladislav Lukashevich,FLA,D,,,nhl_search_api
8481547,Simon Lundmark,TBL,D,7.0,,nhl_search_api
8479312,Alex Lyon,BUF,G,34.0,,nhl_search_api
8476874,Olli Määttä,UTA,D,2.0,,nhl_search_api
8485472,Caleb MacDonald,CBJ,D,94.0,,nhl_search_api
8485662,Andrew MacNiel,MTL,D,,,nhl_search_api
8479372,Joshua Mahura,SEA,D,28.0,,nhl_search_api
8478507,John Marino,UTA,D,6.0,,nhl_search_api
8485405,Brady Martin,NSH,C,44.0,,nhl_search_api
8482690,Ayrton Martino,DAL,L,60.0,,nhl_search_api
8476921,Jordan Martinook,CAR,L,48.0,,nhl_search_api
8476875,Mike Matheson,MTL,D,8.0,,nhl_search_api
8482808,Jack Matier,NSH,D,51.0,,nhl_search_api
8475795,Dylan McIlrath,WSH,D,52.0,,nhl_search_api
8485590,Samuel Meloche,BUF,G,,,nhl_search_api
8482447,Leevi Meriläinen,OTT,G,1.0,,nhl_search_api
8477541,Dakota Mermis,TOR,D,36.0,,nhl_search_api
8483488,Filip Mesar,MTL,R,46.0,,nhl_search_api
8482829,Michael Milne,TBL,L,60.0,,nhl_search_api
8484194,Aram Minnetian,DAL,D,,,nhl_search_api
8485053,Jonathan Morello,BOS,C,,,nhl_search_api
8475852,Petr Mrazek,ANA,G,34.0,,nhl_search_api
8481754,Nikita Nesterenko,ANA,C,13.0,,nhl_search_api
8485087,William Nicholl,EDM,C,56.0,,nhl_search_api
8482916,Nikita Novikov,BUF,D,91.0,,nhl_search_api
8485654,Melvin Novotny,BUF,L,,,nhl_search_api
8477498,Darnell Nurse,EDM,D,25.0,,nhl_search_api
8482712,Oskar Olausson,MIN,R,17.0,,nhl_search_api
8483689,Daniil Orlov,NJD,D,,,nhl_search_api
8476292,Ondrej Palat,NYI,L,81.0,,nhl_search_api
8485142,Jackson Parsons,OTT,G,,,nhl_search_api
8477361,Cal Petersen,MIN,G,40.0,,nhl_search_api
8475717,Calvin Pickard,EDM,G,30.0,,nhl_search_api
8474565,Alex Pietrangelo,VGK,D,7.0,,nhl_search_api
8484214,Luca Pinelli,CBJ,C,53.0,,nhl_search_api
8480068,Ryan Poehling,ANA,C,25.0,,nhl_search_api
8482671,Owen Power,BUF,D,25.0,,nhl_search_api
8485459,John Prokop,TOR,D,,,nhl_search_api
8484865,Colin Ralph,STL,D,,,nhl_search_api
8482078,Lucas Raymond,DET,L,23.0,,nhl_search_api
8471817,Ryan Reaves,SJS,R,75.0,,nhl_search_api
8485089,James Reeder,LAK,R,,,nhl_search_api
8480831,Alec Regula,EDM,D,75.0,,nhl_search_api
8477933,Sam Reinhart,FLA,C,13.0,,nhl_search_api
8483546,Marshall Rifai,TOR,D,83.0,,nhl_search_api
8483506,Sam Rinzel,CHI,D,6.0,,nhl_search_api
8481525,Matthew Robertson,NYR,D,29.0,,nhl_search_api
8483043,Tucker Robertson,PHI,C,21.0,,nhl_search_api
8478542,Evan Rodrigues,FLA,C,17.0,,nhl_search_api
